time (s),target_x (mm),target_y (mm),target_z (mm),joint_hip (deg),joint_shoulder (deg),joint_knee (deg),servo_hip (deg),servo_shoulder (deg),servo_knee (deg)
0.0,0.0,-40.0,240.0,3.508354649267438e-15,90.00000000000001,180.0,90.0,89.99999999999999,180.0
0.02,0.0,-40.0,239.9999952143885,0.011441968034349067,90.0,179.9771160639313,90.01144196803435,90.0,179.9771160639313
0.04,0.0,-40.0,239.99996183003137,0.032314163396318915,90.0,179.93537167320736,90.03231416339632,90.0,179.93537167320736
0.06,0.0,-40.0,239.99987156360064,0.05927561788164636,90.0,179.88144876423672,90.05927561788165,90.0,179.88144876423672
0.08,0.0,-40.0,239.9996964746035,0.09112332801645473,90.0,179.8177533439671,90.09112332801645,90.0,179.8177533439671
0.1,0.0,-40.0,239.99940896400003,0.12715664650955297,90.0,179.7456867069809,90.12715664650955,90.0,179.7456867069809
0.12000000000000001,0.0,-40.0,239.99898177282049,0.1668992963404304,90.0,179.66620140731914,90.16689929634043,90.0,179.66620140731914
0.14,0.0,-40.0,239.99838798078335,0.20999906438105423,90.00000000000001,179.5800018712379,90.20999906438105,89.99999999999999,179.5800018712379
0.16,0.0,-40.0,239.9976010049126,0.2561810789719142,90.00000000000001,179.4876378420562,90.25618107897192,89.99999999999999,179.4876378420562
0.18,0.0,-40.0,239.99659459815553,0.3052226132531013,90.0,179.3895547734938,90.30522261325311,90.0,179.3895547734938
0.19999999999999998,0.0,-40.0,239.995342848,0.35693810859304065,90.00000000000001,179.28612378281392,90.35693810859304,89.99999999999999,179.28612378281392
0.21999999999999997,0.0,-40.0,239.99382017509248,0.41116962752880226,90.0,179.17766074494241,90.4111696275288,90.0,179.17766074494241
0.23999999999999996,0.0,-40.0,239.99200133185536,0.46778043667312297,90.0,179.06443912665375,90.46778043667312,90.0,179.06443912665375
0.25999999999999995,0.0,-40.0,239.98986140110466,0.5266505100815273,90.00000000000001,178.94669897983695,90.52665051008152,89.99999999999999,178.94669897983695
0.27999999999999997,0.0,-40.0,239.98737579466754,0.5876732705881599,90.0,178.8246534588237,90.58767327058816,90.0,178.8246534588237
0.3,0.0,-40.0,239.984520252,0.6507531618208224,90.0,178.69849367635837,90.65075316182082,90.0,178.69849367635837
0.32,0.0,-40.0,239.9812708388045,0.7158037964734391,90.0,178.56839240705312,90.71580379647344,90.0,178.56839240705312
0.34,0.0,-40.0,239.97760394564736,0.7827465157231746,90.0,178.43450696855365,90.78274651572318,90.0,178.43450696855365
0.36000000000000004,0.0,-40.0,239.97349628657662,0.8515092491131684,90.0,178.29698150177367,90.85150924911316,90.0,178.29698150177367
0.38000000000000006,0.0,-40.0,239.96892489773953,0.9220255986562172,90.0,178.15594880268756,90.92202559865622,90.0,178.15594880268756
0.4000000000000001,0.0,-40.0,239.963867136,0.9942340933146163,90.0,178.01153181337077,90.99423409331462,90.0,178.01153181337077
0.4200000000000001,0.0,-40.0,239.95830067755648,1.0680775750441003,90.00000000000001,177.8638448499118,91.0680775750441,89.99999999999999,177.8638448499118
0.4400000000000001,0.0,-40.0,239.95220351655936,1.1435026878992736,90.0,177.71299462420146,91.14350268789927,90.0,177.71299462420146
0.46000000000000013,0.0,-40.0,239.94555396372866,1.2204594488983092,90.0,177.55908110220338,91.22045944889831,90.0,177.55908110220338
0.48000000000000015,0.0,-40.0,239.93833064497153,1.2989008845057817,90.0,177.40219823098843,91.29890088450578,90.0,177.40219823098843
0.5000000000000001,0.0,-40.0,239.93051250000002,1.3787827203286398,90.0,177.24243455934274,91.37878272032864,90.0,177.24243455934274
0.5200000000000001,0.0,-40.0,239.92207878094848,1.460063114375147,90.0,177.0798737712497,91.46006311437515,90.0,177.0798737712497
0.5400000000000001,0.0,-40.0,239.91300905099135,1.5427024262843434,90.0,176.91459514743133,91.54270242628435,90.0,176.91459514743133
0.5600000000000002,0.0,-40.0,239.90328318296065,1.6266630165000333,90.0,176.74667396699994,91.62666301650003,90.0,176.74667396699994
0.5800000000000002,0.0,-40.0,239.89288135796352,1.711909070548166,90.00000000000001,176.57618185890368,91.71190907054816,89.99999999999999,176.57618185890368
0.6000000000000002,0.0,-40.0,239.881784064,1.7984064445031023,90.00000000000001,176.4031871109938,91.7984064445031,89.99999999999999,176.4031871109938
0.6200000000000002,0.0,-40.0,239.86997209458048,1.8861225284556713,90.0,176.22775494308866,91.88612252845567,90.0,176.22775494308866
0.6400000000000002,0.0,-40.0,239.85742654734335,1.9750261253584294,90.0,176.04994774928315,91.97502612535843,90.0,176.04994774928315
0.6600000000000003,0.0,-40.0,239.84412882267262,2.0650873430794263,90.00000000000001,175.86982531384115,92.06508734307943,89.99999999999999,175.86982531384115
0.6800000000000003,0.0,-40.0,239.83006062231553,2.1562774978597767,90.00000000000001,175.68744500428045,92.15627749785978,89.99999999999999,175.68744500428045
0.7000000000000003,0.0,-40.0,239.815203948,2.2485690276646744,90.0,175.50286194467066,92.24856902766467,90.0,175.50286194467066
0.7200000000000003,0.0,-40.0,239.7995411000525,2.34193541414915,90.0,175.3161291717017,92.34193541414915,90.0,175.3161291717017
0.7400000000000003,0.0,-40.0,239.78305467601535,2.4363511121673147,90.0,175.12729777566537,92.43635111216732,90.0,175.12729777566537
0.7600000000000003,0.0,-40.0,239.76572756926464,2.531791485901819,90.0,174.93641702819636,92.53179148590182,90.0,174.93641702819636
0.7800000000000004,0.0,-40.0,239.7475429676275,2.6282327508337593,90.0,174.74353449833248,92.62823275083376,90.0,174.74353449833248
0.8000000000000004,0.0,-40.0,239.728484352,2.725651920875784,90.0,174.54869615824845,92.72565192087579,90.0,174.54869615824845
0.8200000000000004,0.0,-40.0,239.70853549496448,2.8240267600912197,90.0,174.35194647981757,92.82402676009121,90.0,174.35194647981757
0.8400000000000004,0.0,-40.0,239.68768045940737,2.923335738494219,90.00000000000001,174.15332852301157,92.92333573849422,89.99999999999999,174.15332852301157
0.8600000000000004,0.0,-40.0,239.66590359713666,3.0235579914963338,90.00000000000001,173.95288401700734,93.02355799149633,89.99999999999999,173.95288401700734
0.8800000000000004,0.0,-40.0,239.64318954749953,3.1246732826168677,90.0,173.75065343476626,93.12467328261687,90.0,173.75065343476626
0.9000000000000005,0.0,-40.0,239.619523236,3.2266619691252627,90.0,173.54667606174948,93.22666196912526,90.0,173.54667606174948
0.9200000000000005,0.0,-40.0,239.59488987291647,3.3295049703232387,90.0,173.34099005935352,93.32950497032324,90.0,173.34099005935352
0.9400000000000005,0.0,-40.0,239.56927495191937,3.4331837382080876,90.00000000000001,173.13363252358383,93.43318373820809,89.99999999999999,173.13363252358383
0.9600000000000005,0.0,-40.0,239.54266424868865,3.5376802302919663,90.0,172.92463953941606,93.53768023029197,90.0,172.92463953941606
0.9800000000000005,0.0,-40.0,239.51504381953154,3.6429768843727754,90.0,172.71404623125446,93.64297688437277,90.0,172.71404623125446
1.0000000000000004,0.0,-40.0,239.4864,3.7490565950820676,90.00000000000001,172.50188680983587,93.74905659508207,89.99999999999999,172.50188680983587
1.0200000000000005,0.0,-40.0,239.4567194035085,3.855902692046979,90.0,172.28819461590604,93.85590269204698,90.0,172.28819461590604
1.0400000000000005,0.0,-40.0,239.42598891995135,3.963498919527748,90.0,172.0730021609445,93.96349891952775,90.0,172.0730021609445
1.0600000000000005,0.0,-40.0,239.39419571432066,4.07182941740088,90.0,171.85634116519824,94.07182941740088,90.0,171.85634116519824
1.0800000000000005,0.0,-40.0,239.36132722532352,4.180878703377641,90.0,171.6382425932447,94.18087870337764,90.0,171.6382425932447
1.1000000000000005,0.0,-40.0,239.327371164,4.29063165635105,90.00000000000001,171.4187366872979,94.29063165635105,89.99999999999999,171.4187366872979
1.1200000000000006,0.0,-40.0,239.29231551234048,4.401073500785079,90.0,171.19785299842985,94.40107350078507,90.0,171.19785299842985
1.1400000000000006,0.0,-40.0,239.25614852190336,4.512189792058018,90.0,170.97562041588398,94.51218979205802,90.0,170.97562041588398
1.1600000000000006,0.0,-40.0,239.21885871243262,4.623966402688277,90.0,170.75206719462346,94.62396640268828,90.0,170.75206719462346
1.1800000000000006,0.0,-40.0,239.1804348704755,4.736389509373145,90.0,170.52722098125372,94.73638950937314,90.0,170.52722098125372
1.2000000000000006,0.0,-40.0,239.140866048,4.849445580779731,90.0,170.30110883844054,94.84944558077973,90.0,170.30110883844054
1.2200000000000006,0.0,-40.0,239.10014156101246,4.9631213660318965,90.0,170.0737572679362,94.9631213660319,90.0,170.0737572679362
1.2400000000000007,0.0,-40.0,239.05825098817536,5.077403883841723,90.0,169.84519223231655,95.07740388384173,90.0,169.84519223231655
1.2600000000000007,0.0,-40.0,239.01518416942463,5.192280412240325,90.0,169.61543917551936,95.19228041224032,90.0,169.61543917551936
1.2800000000000007,0.0,-40.0,238.97093120458752,5.307738478864329,90.0,169.38452304227135,95.30773847886432,90.0,169.38452304227135
1.3000000000000007,0.0,-40.0,238.925482452,5.423765851760227,90.00000000000001,169.15246829647955,95.42376585176022,89.99999999999999,169.15246829647955
1.3200000000000007,0.0,-40.0,238.87882852712448,5.540350530670802,90.0,168.91929893865841,95.5403505306708,90.0,168.91929893865841
1.3400000000000007,0.0,-40.0,238.83096030116738,5.657480738770391,90.0,168.68503852245922,95.65748073877039,90.0,168.68503852245922
1.3600000000000008,0.0,-40.0,238.78186889969663,5.775144914821032,90.0,168.44971017035795,95.77514491482103,90.0,168.44971017035795
1.3800000000000008,0.0,-40.0,238.7315457012595,5.893331705719216,90.0,168.21333658856156,95.89333170571922,90.0,168.21333658856156
1.4000000000000008,0.0,-40.0,238.679982336,6.0120299594108655,90.0,167.97594008117827,96.01202995941087,90.0,167.97594008117827
1.4200000000000008,0.0,-40.0,238.62717068427648,6.131228718149221,90.0,167.73754256370157,96.13122871814922,90.0,167.73754256370157
1.4400000000000008,0.0,-40.0,238.57310287527937,6.250917212074662,90.0,167.4981655758507,96.25091721207467,90.0,167.4981655758507
1.4600000000000009,0.0,-40.0,238.51777128564862,6.37108485309713,90.0,167.25783029380574,96.37108485309713,90.0,167.25783029380574
1.4800000000000009,0.0,-40.0,238.46116853809153,6.491721229061671,90.0,167.01655754187667,96.49172122906167,90.0,167.01655754187667
1.5000000000000009,0.0,-40.0,238.4032875,6.612816098181817,90.0,166.77436780363638,96.61281609818181,90.0,166.77436780363638
1.520000000000001,0.0,-40.0,238.34412128206847,6.734359383722588,90.0,166.53128123255482,96.73435938372259,90.0,166.53128123255482
1.540000000000001,0.0,-40.0,238.28366323691137,6.8563411689206655,90.0,166.28731766215867,96.85634116892066,90.0,166.28731766215867
1.560000000000001,0.0,-40.0,238.22190695768066,6.978751692127221,90.00000000000001,166.04249661574556,96.97875169212722,89.99999999999999,166.04249661574556
1.580000000000001,0.0,-40.0,238.15884627668353,7.101581342160472,90.00000000000001,165.79683731567906,97.10158134216047,89.99999999999999,165.79683731567906
1.600000000000001,0.0,-40.0,238.09447526399998,7.224820653856587,90.0,165.55035869228684,97.22482065385658,90.0,165.55035869228684
1.620000000000001,0.0,-40.0,238.02878822610046,7.348460303807786,90.0,165.30307939238443,97.34846030380778,90.0,165.30307939238443
1.640000000000001,0.0,-40.0,237.96177970446337,7.4724911062778645,90.0,165.05501778744429,97.47249110627786,90.0,165.05501778744429
1.660000000000001,0.0,-40.0,237.89344447419262,7.596904009285093,90.0,164.8061919814298,97.5969040092851,90.0,164.8061919814298
1.680000000000001,0.0,-40.0,237.8237775426355,7.721690090842898,90.0,164.5566198183142,97.7216900908429,90.0,164.5566198183142
1.700000000000001,0.0,-40.0,237.752774148,7.8468405553520695,90.0,164.30631888929585,97.84684055535207,90.0,164.30631888929585
1.720000000000001,0.0,-40.0,237.68042975797246,7.9723467301345,90.00000000000001,164.05530653973102,97.9723467301345,89.99999999999999,164.05530653973102
1.740000000000001,0.0,-40.0,237.60674006833537,8.09820006210205,90.0,163.8035998757959,98.09820006210205,90.0,163.8035998757959
1.7600000000000011,0.0,-40.0,237.53170100158462,8.224392114554371,90.0,163.55121577089128,98.22439211455438,90.0,163.55121577089128
1.7800000000000011,0.0,-40.0,237.4553087055475,8.35091456409742,90.00000000000001,163.29817087180516,98.35091456409742,89.99999999999999,163.29817087180516
1.8000000000000012,0.0,-40.0,237.377559552,8.477759197678857,90.0,163.0444816046423,98.47775919767886,90.0,163.0444816046423
1.8200000000000012,0.0,-40.0,237.29845013528444,8.60491790973317,90.00000000000001,162.79016418053368,98.60491790973317,89.99999999999999,162.79016418053368
1.8400000000000012,0.0,-40.0,237.21797727092738,8.732382699430893,90.00000000000001,162.53523460113823,98.7323826994309,89.99999999999999,162.53523460113823
1.8600000000000012,0.0,-40.0,237.13613799425664,8.860145668029215,90.00000000000001,162.27970866394156,98.86014566802922,89.99999999999999,162.27970866394156
1.8800000000000012,0.0,-40.0,237.0529295590195,8.988199016315896,90.0,162.02360196736822,98.98819901631589,90.0,162.02360196736822
1.9000000000000012,0.0,-40.0,236.968349436,9.116535042144916,90.0,161.76692991571016,99.11653504214492,90.0,161.76692991571016
1.9200000000000013,0.0,-40.0,236.88239531163651,9.245146138058342,90.0,161.5097077238833,99.24514613805835,90.0,161.5097077238833
1.9400000000000013,0.0,-40.0,236.79506508663934,9.37402478899062,90.0,161.25195042201875,99.37402478899062,90.0,161.25195042201875
1.9600000000000013,0.0,-40.0,236.70635687460862,9.503163570051155,90.0,160.99367285989769,99.50316357005116,90.0,160.99367285989769
1.9800000000000013,0.0,-40.0,236.61626900065153,9.632555144383165,90.0,160.73488971123368,99.63255514438316,90.0,160.73488971123368
2.0000000000000013,0.0,-40.0,236.5248,9.762192261093718,90.0,160.47561547781257,99.76219226109372,90.0,160.47561547781257
2.0200000000000014,0.0,-40.0,236.4319486166285,9.892067753252421,90.0,160.21586449349516,99.89206775325242,90.0,160.21586449349516
2.0400000000000014,0.0,-40.0,236.33771380187136,10.02217453595649,90.0,159.95565092808704,100.0221745359565,90.0,159.95565092808704
2.0600000000000014,0.0,-40.0,236.24209471304064,10.152505604458337,90.0,159.69498879108332,100.15250560445834,90.0,159.69498879108332
2.0800000000000014,0.0,-40.0,236.14509071204353,10.283054032353622,90.0,159.43389193529276,100.28305403235362,90.0,159.43389193529276
2.1000000000000014,0.0,-40.0,236.046701364,10.41381296982719,90.00000000000001,159.17237406034562,100.41381296982719,89.99999999999999,159.17237406034562
2.1200000000000014,0.0,-40.0,235.9469264358605,10.544775641954171,90.00000000000001,158.91044871609165,100.54477564195417,89.99999999999999,158.91044871609165
2.1400000000000015,0.0,-40.0,235.84576589502336,10.675935347054477,90.0,158.64812930589105,100.67593534705448,90.0,158.64812930589105
2.1600000000000015,0.0,-40.0,235.74321990795266,10.807285455097905,90.0,158.3854290898042,100.80728545509791,90.0,158.3854290898042
2.1800000000000015,0.0,-40.0,235.6392888387955,10.9388194061587,90.00000000000001,158.1223611876826,100.9388194061587,89.99999999999999,158.1223611876826
2.2000000000000015,0.0,-40.0,235.533973248,11.070530708916236,90.0,157.85893858216753,101.07053070891624,90.0,157.85893858216753
2.2200000000000015,0.0,-40.0,235.4272738909325,11.20241293920191,90.0,157.5951741215962,101.2024129392019,90.0,157.5951741215962
2.2400000000000015,0.0,-40.0,235.31919171649537,11.334459738588494,90.0,157.33108052282302,101.33445973858849,90.0,157.33108052282302
2.2600000000000016,0.0,-40.0,235.20972786574464,11.466664813021483,90.00000000000001,157.06667037395704,101.46666481302148,89.99999999999999,157.06667037395704
2.2800000000000016,0.0,-40.0,235.09888367050755,11.59902193149067,90.0,156.80195613701866,101.59902193149067,90.0,156.80195613701866
2.3000000000000016,0.0,-40.0,234.98666065199998,11.731524924740329,90.0,156.53695015051935,101.73152492474033,90.0,156.53695015051935
2.3200000000000016,0.0,-40.0,234.8730605194445,11.864167684016,90.0,156.271664631968,101.864167684016,90.0,156.271664631968
2.3400000000000016,0.0,-40.0,234.75808516868733,11.996944159848047,90.00000000000001,156.00611168030392,101.99694415984804,89.99999999999999,156.00611168030392
2.3600000000000017,0.0,-40.0,234.64173668081662,12.129848360868378,90.0,155.74030327826324,102.12984836086838,90.0,155.74030327826324
2.3800000000000017,0.0,-40.0,234.5240173207795,12.262874352661639,90.0,155.47425129467672,102.26287435266164,90.0,155.47425129467672
2.4000000000000017,0.0,-40.0,234.404929536,12.396016256647565,90.00000000000001,155.2079674867049,102.39601625664757,89.99999999999999,155.2079674867049
2.4200000000000017,0.0,-40.0,234.28447595499648,12.529268248994502,90.00000000000001,154.941463502011,102.5292682489945,89.99999999999999,154.941463502011
2.4400000000000017,0.0,-40.0,234.16265938599935,12.662624559562694,90.00000000000001,154.67475088087463,102.66262455956269,89.99999999999999,154.67475088087463
2.4600000000000017,0.0,-40.0,234.03948281556865,12.796079470876238,90.0,154.40784105824753,102.79607947087624,90.0,154.40784105824753
2.4800000000000018,0.0,-40.0,233.9149494072115,12.929627317123005,90.00000000000001,154.140745365754,102.929627317123,89.99999999999999,154.140745365754
2.5000000000000018,0.0,-40.0,233.7890625,13.063262483180901,90.0,153.87347503363821,103.0632624831809,90.0,153.87347503363821
2.520000000000002,0.0,-40.0,233.6618256071885,13.196979403670628,90.00000000000001,153.60604119265875,103.19697940367062,89.99999999999999,153.60604119265875
2.540000000000002,0.0,-40.0,233.5332424148314,13.330772562032918,90.0,153.33845487593416,103.33077256203292,90.0,153.33845487593416
2.560000000000002,0.0,-40.0,233.40331678040062,13.464636489630394,90.0,153.0707270207392,103.4646364896304,90.0,153.0707270207392
2.580000000000002,0.0,-40.0,233.2720527314035,13.598565764872266,90.00000000000001,152.80286847025548,103.59856576487226,89.99999999999999,152.80286847025548
2.600000000000002,0.0,-40.0,233.139454464,13.732555012362376,90.0,152.53488997527526,103.73255501236238,90.0,152.53488997527526
2.620000000000002,0.0,-40.0,233.00552634162045,13.866598902068704,90.00000000000001,152.2668021958626,103.8665989020687,89.99999999999999,152.2668021958626
2.640000000000002,0.0,-40.0,232.87027289358335,14.000692148513798,90.0,151.99861570297242,104.00069214851379,90.0,151.99861570297242
2.660000000000002,0.0,-40.0,232.73369881371264,14.134829509986576,90.0,151.73034098002685,104.13482950998657,90.0,151.73034098002685
2.680000000000002,0.0,-40.0,232.5958089589555,14.269005787773157,90.00000000000001,151.4619884244537,104.26900578777315,89.99999999999999,151.4619884244537
2.700000000000002,0.0,-40.0,232.456608348,14.403215825407411,90.0,151.19356834918517,104.40321582540741,90.0,151.19356834918517
2.720000000000002,0.0,-40.0,232.31610215989247,14.537454507940229,90.00000000000001,150.92509098411955,104.53745450794023,89.99999999999999,150.92509098411955
2.740000000000002,0.0,-40.0,232.17429573265537,14.671716761226461,90.00000000000001,150.65656647754707,104.67171676122646,89.99999999999999,150.65656647754707
2.760000000000002,0.0,-40.0,232.03119456190464,14.805997551230044,90.0,150.38800489753993,104.80599755123005,90.0,150.38800489753993
2.780000000000002,0.0,-40.0,231.8868042994675,14.940291883345603,90.0,150.1194162333088,104.94029188334561,90.0,150.1194162333088
2.800000000000002,0.0,-40.0,231.741130752,15.074594801736888,90.0,149.85081039652624,105.0745948017369,90.0,149.85081039652624
2.820000000000002,0.0,-40.0,231.59417987960447,15.208901388691267,90.0,149.58219722261748,105.20890138869126,90.0,149.58219722261748
2.840000000000002,0.0,-40.0,231.44595779444737,15.34320676398956,90.0,149.3135864720209,105.34320676398956,90.0,149.3135864720209
2.860000000000002,0.0,-40.0,231.2964707593766,15.47750608429149,90.00000000000001,149.04498783141705,105.47750608429149,89.99999999999999,149.04498783141705
2.880000000000002,0.0,-40.0,231.14572518653952,15.611794542535055,90.00000000000001,148.7764109149299,105.61179454253505,89.99999999999999,148.7764109149299
2.900000000000002,0.0,-40.0,230.993727636,15.746067367351193,90.0,148.50786526529762,105.74606736735119,90.0,148.50786526529762
2.920000000000002,0.0,-40.0,230.84048481435647,15.880319822491437,90.0,148.23936035501714,105.88031982249143,90.0,148.23936035501714
2.940000000000002,0.0,-40.0,230.6860035733594,16.014547206269647,90.00000000000001,147.97090558746072,106.01454720626964,89.99999999999999,147.97090558746072
2.960000000000002,0.0,-40.0,230.53029090852863,16.148744851016726,90.0,147.70251029796654,106.14874485101673,90.0,147.70251029796654
2.980000000000002,0.0,-40.0,230.3733539577715,16.282908122547934,90.0,147.43418375490413,106.28290812254794,90.0,147.43418375490413
3.000000000000002,0.0,-40.0,230.2152,16.417032419643025,90.0,147.16593516071396,106.41703241964302,90.0,147.16593516071396
3.0200000000000022,0.0,-40.0,230.05583645374847,16.551113173538244,90.0,146.89777365292352,106.55111317353824,90.0,146.89777365292352
3.0400000000000023,0.0,-40.0,229.89527087579134,16.68514584743006,90.0,146.62970830513987,106.68514584743006,90.0,146.62970830513987
3.0600000000000023,0.0,-40.0,229.73351095976062,16.819125935990677,90.0,146.36174812801863,106.81912593599068,90.0,146.36174812801863
3.0800000000000023,0.0,-40.0,229.57056453476352,16.953048964894474,90.0,146.09390207021104,106.95304896489448,90.0,146.09390207021104
3.1000000000000023,0.0,-40.0,229.40643956399998,17.086910490355613,90.00000000000001,145.8261790192888,107.08691049035562,89.99999999999999,145.8261790192888
3.1200000000000023,0.0,-40.0,229.24114414338047,17.2207060986759,90.0,145.5585878026482,107.2207060986759,90.0,145.5585878026482
3.1400000000000023,0.0,-40.0,229.07468650014334,17.35443140580353,90.00000000000001,145.29113718839295,107.35443140580352,89.99999999999999,145.29113718839295
3.1600000000000024,0.0,-40.0,228.90707499147265,17.48808205690152,90.00000000000001,145.02383588619696,107.48808205690152,89.99999999999999,145.02383588619696
3.1800000000000024,0.0,-40.0,228.73831810311552,17.621653725926315,90.0,144.75669254814738,107.62165372592631,90.0,144.75669254814738
3.2000000000000024,0.0,-40.0,228.56842444799997,17.755142115215804,90.0,144.4897157695684,107.7551421152158,90.0,144.4897157695684
3.2200000000000024,0.0,-40.0,228.3974027648525,17.8885429550868,90.0,144.2229140898264,107.88854295508679,90.0,144.2229140898264
3.2400000000000024,0.0,-40.0,228.22526191681536,18.02185200344207,90.00000000000001,143.95629599311587,108.02185200344206,89.99999999999999,143.95629599311587
3.2600000000000025,0.0,-40.0,228.05201089006462,18.155065045385584,90.0,143.68986990922883,108.15506504538558,90.0,143.68986990922883
3.2800000000000025,0.0,-40.0,227.87765879242752,18.28817789284725,90.00000000000001,143.4236442143055,108.28817789284724,89.99999999999999,143.4236442143055
3.3000000000000025,0.0,-40.0,227.702214852,18.42118638421593,90.0,143.15762723156814,108.42118638421593,90.0,143.15762723156814
3.3200000000000025,0.0,-40.0,227.52568841576445,18.554086383980714,90.00000000000001,142.89182723203857,108.55408638398072,89.99999999999999,142.89182723203857
3.3400000000000025,0.0,-40.0,227.34808894820736,18.68687378238052,90.0,142.62625243523897,108.68687378238052,90.0,142.62625243523897
3.3600000000000025,0.0,-40.0,227.1694260299366,18.819544495061898,90.0,142.36091100987622,108.8195444950619,90.0,142.36091100987622
3.3800000000000026,0.0,-40.0,226.98970935629953,18.952094462744046,90.00000000000001,142.09581107451191,108.95209446274404,89.99999999999999,142.09581107451191
3.4000000000000026,0.0,-40.0,226.808948736,19.084519650892393,90.0,141.83096069821522,109.08451965089239,90.0,141.83096069821522
3.4200000000000026,0.0,-40.0,226.6271540897165,19.21681604939869,90.0,141.56636790120263,109.21681604939869,90.0,141.56636790120263
3.4400000000000026,0.0,-40.0,226.44433544871936,19.348979672269383,90.0,141.30204065546124,109.34897967226938,90.0,141.30204065546124
3.4600000000000026,0.0,-40.0,226.26050295348864,19.481006557320402,90.0,141.0379868853592,109.4810065573204,90.0,141.0379868853592
3.4800000000000026,0.0,-40.0,226.0756668523315,19.612892765879582,90.0,140.77421446824084,109.61289276587958,90.0,140.77421446824084
3.5000000000000027,0.0,-40.0,225.88983749999997,19.74463438249549,90.0,140.51073123500902,109.74463438249549,90.0,140.51073123500902
3.5200000000000027,0.0,-40.0,225.70302535630844,19.87622751465352,90.0,140.24754497069296,109.87622751465352,90.0,140.24754497069296
3.5400000000000027,0.0,-40.0,225.51524098475133,20.007668292498163,90.0,139.98466341500367,110.00766829249817,90.0,139.98466341500367
3.5600000000000027,0.0,-40.0,225.32649505112062,20.138952868562072,90.0,139.72209426287586,110.13895286856207,90.0,139.72209426287586
3.5800000000000027,0.0,-40.0,225.1367983221235,20.270077417501362,90.0,139.4598451649973,110.27007741750137,90.0,139.4598451649973
3.6000000000000028,0.0,-40.0,224.94616166400002,20.401038135837233,90.0,139.19792372832555,110.40103813583724,90.0,139.19792372832555
3.6200000000000028,0.0,-40.0,224.75459604114047,20.531831241703745,90.0,138.93633751659252,110.53183124170374,90.0,138.93633751659252
3.640000000000003,0.0,-40.0,224.56211251470333,20.662452974601447,90.0,138.6750940507971,110.66245297460145,90.0,138.6750940507971
3.660000000000003,0.0,-40.0,224.36872224123263,20.792899595157103,90.0,138.4142008096858,110.79289959515711,90.0,138.4142008096858
3.680000000000003,0.0,-40.0,224.1744364712755,20.923167384889346,90.0,138.15366523022132,110.92316738488935,90.0,138.15366523022132
3.700000000000003,0.0,-40.0,223.97926654799997,21.053252645979562,90.0,137.8934947080409,111.05325264597957,90.0,137.8934947080409
3.720000000000003,0.0,-40.0,223.78322390581246,21.183151701048867,90.0,137.63369659790226,111.18315170104887,90.0,137.63369659790226
3.740000000000003,0.0,-40.0,223.58632006897534,21.31286089294046,90.00000000000001,137.3742782141191,111.31286089294046,89.99999999999999,137.3742782141191
3.760000000000003,0.0,-40.0,223.38856665022462,21.44237658450707,90.00000000000001,137.11524683098585,111.44237658450707,89.99999999999999,137.11524683098585
3.780000000000003,0.0,-40.0,223.18997534938748,21.57169515840429,90.0,136.85660968319144,111.57169515840428,90.0,136.85660968319144
3.800000000000003,0.0,-40.0,222.990557952,21.700813016888564,90.0,136.59837396622288,111.70081301688856,90.0,136.59837396622288
3.820000000000003,0.0,-40.0,222.79032632792448,21.829726581620864,90.0,136.34054683675828,111.82972658162086,90.0,136.34054683675828
3.840000000000003,0.0,-40.0,222.58929242996734,21.958432293474953,90.0,136.0831354130501,111.95843229347496,90.0,136.0831354130501
3.860000000000003,0.0,-40.0,222.38746829249664,22.086926612350908,90.0,135.82614677529818,112.08692661235091,90.0,135.82614677529818
3.880000000000003,0.0,-40.0,222.1848660300595,22.21520601699356,90.0,135.56958796601288,112.21520601699356,90.0,135.56958796601288
3.900000000000003,0.0,-40.0,221.981497836,22.34326700481561,90.0,135.3134659903688,112.3432670048156,90.0,135.3134659903688
3.920000000000003,0.0,-40.0,221.77737598107646,22.471106091725638,90.0,135.05778781654874,112.47110609172563,90.0,135.05778781654874
3.940000000000003,0.0,-40.0,221.57251281207934,22.598719811960695,90.00000000000001,134.80256037607862,112.59871981196069,89.99999999999999,134.80256037607862
3.960000000000003,0.0,-40.0,221.36692075044863,22.72610471792365,90.00000000000001,134.5477905641527,112.72610471792365,89.99999999999999,134.5477905641527
3.980000000000003,0.0,-40.0,221.1606122908915,22.85325738002496,90.0,134.2934852399501,112.85325738002496,90.0,134.2934852399501
4.000000000000003,0.0,-40.0,220.9536,22.980174386528947,90.00000000000001,134.0396512269421,112.98017438652894,89.99999999999999,134.0396512269421
4.020000000000002,0.0,-40.0,220.7458965148685,23.10685234340459,90.0,133.78629531319083,113.1068523434046,90.0,133.78629531319083
4.040000000000002,0.0,-40.0,220.53751454171135,23.23328787418066,90.0,133.53342425163868,113.23328787418066,90.0,133.53342425163868
4.060000000000001,0.0,-40.0,220.32846685448064,23.35947761980492,90.00000000000001,133.2810447603902,113.35947761980492,89.99999999999999,133.2810447603902
4.080000000000001,0.0,-40.0,220.11876629348353,23.485418238508032,90.0,133.02916352298394,113.48541823850803,90.0,133.02916352298394
4.1000000000000005,0.0,-40.0,219.90842576400001,23.611106405671276,90.00000000000001,132.77778718865747,113.61110640567128,89.99999999999999,132.77778718865747
4.12,0.0,-40.0,219.6974582349005,23.73653881369847,90.0,132.52692237260308,113.73653881369847,90.0,132.52692237260308
4.14,0.0,-40.0,219.48587673726337,23.861712171892187,90.00000000000001,132.27657565621564,113.86171217189218,89.99999999999999,132.27657565621564
4.159999999999999,0.0,-40.0,219.27369436299267,23.986623206333718,90.0,132.02675358733256,113.98662320633372,90.0,132.02675358733256
4.179999999999999,0.0,-40.0,219.06092426343554,24.11126865976731,90.0,131.7774626804654,114.1112686597673,90.0,131.7774626804654
4.199999999999998,0.0,-40.0,218.84757964800005,24.235645291488044,90.0,131.52870941702392,114.23564529148804,90.0,131.52870941702392
4.219999999999998,0.0,-40.0,218.63367378277255,24.359749877233888,90.0,131.28050024553224,114.3597498772339,90.0,131.28050024553224
4.2399999999999975,0.0,-40.0,218.4192199891354,24.48357920908147,90.0,131.03284158183706,114.48357920908147,90.0,131.03284158183706
4.259999999999997,0.0,-40.0,218.20423164238468,24.607130095345493,90.0,130.785739809309,114.6071300953455,90.0,130.785739809309
4.279999999999997,0.0,-40.0,217.9887221703476,24.73039936048235,90.00000000000001,130.5392012790353,114.73039936048235,89.99999999999999,130.5392012790353
4.299999999999996,0.0,-40.0,217.77270505200008,24.853383844996983,90.0,130.29323231000603,114.85338384499698,90.0,130.29323231000603
4.319999999999996,0.0,-40.0,217.55619381608452,24.97608040535377,90.0,130.04783918929246,114.97608040535377,90.0,130.04783918929246
4.339999999999995,0.0,-40.0,217.33920203972744,25.098485913890766,90.0,129.80302817221846,115.09848591389077,90.0,129.80302817221846
4.359999999999995,0.0,-40.0,217.1217433470567,25.220597258737964,90.0,129.55880548252406,115.22059725873797,90.0,129.55880548252406
4.379999999999995,0.0,-40.0,216.9038314078196,25.342411343738608,90.00000000000001,129.3151773125228,115.3424113437386,89.99999999999999,129.3151773125228
4.399999999999994,0.0,-40.0,216.6854799360001,25.46392508837453,90.0,129.07214982325095,115.46392508837454,90.0,129.07214982325095
4.419999999999994,0.0,-40.0,216.4667026884366,25.58513542769465,90.0,128.82972914461072,115.58513542769465,90.0,128.82972914461072
4.439999999999993,0.0,-40.0,216.24751346343945,25.706039312247185,90.0,128.58792137550563,115.70603931224719,90.0,128.58792137550563
4.459999999999993,0.0,-40.0,216.02792609940875,25.826633708014963,90.0,128.34673258397007,115.82663370801497,90.0,128.34673258397007
4.479999999999992,0.0,-40.0,215.80795447345162,25.94691559635473,90.00000000000001,128.10616880729054,115.94691559635473,89.99999999999999,128.10616880729054
4.499999999999992,0.0,-40.0,215.5876125000001,26.066881973939132,90.0,127.86623605212175,116.06688197393913,90.0,127.86623605212175
4.519999999999992,0.0,-40.0,215.3669141294286,26.18652985270258,90.0,127.62694029459485,116.18652985270258,90.0,127.62694029459485
4.539999999999991,0.0,-40.0,215.1458733466715,26.30585625979031,90.0,127.38828748041938,116.30585625979032,90.0,127.38828748041938
4.559999999999991,0.0,-40.0,214.9245041698408,26.424858237510477,90.0,127.15028352497905,116.42485823751048,90.0,127.15028352497905
4.57999999999999,0.0,-40.0,214.70282064884367,26.543532843289956,90.0,126.9129343134201,116.54353284328995,90.0,126.9129343134201
4.59999999999999,0.0,-40.0,214.4808368640001,26.661877149632993,90.0,126.67624570073403,116.661877149633,90.0,126.67624570073403
4.6199999999999894,0.0,-40.0,214.2585669246606,26.77988824408328,90.0,126.44022351183345,116.77988824408328,90.0,126.44022351183345
4.639999999999989,0.0,-40.0,214.0360249678235,26.897563229189323,90.00000000000001,126.20487354162135,116.89756322918933,89.99999999999999,126.20487354162135
4.659999999999989,0.0,-40.0,213.8132251567528,27.014899222472675,90.0,125.97020155505466,117.01489922247268,90.0,125.97020155505466
4.679999999999988,0.0,-40.0,213.59018167959564,27.131893356399676,90.0,125.73621328720066,117.13189335639967,90.0,125.73621328720066
4.699999999999988,0.0,-40.0,213.36690874800016,27.24854277835594,90.0,125.50291444328813,117.24854277835594,90.0,125.50291444328813
4.719999999999987,0.0,-40.0,213.14342059573264,27.36484465062442,90.0,125.27031069875117,117.36484465062442,90.0,125.27031069875117
4.739999999999987,0.0,-40.0,212.91973147729553,27.48079615036613,90.0,125.03840769926774,117.48079615036613,90.0,125.03840769926774
4.7599999999999865,0.0,-40.0,212.69585566654482,27.596394469604203,90.00000000000001,124.8072110607916,117.5963944696042,89.99999999999999,124.8072110607916
4.779999999999986,0.0,-40.0,212.4718074553077,27.7116368152109,90.0,124.57672636957821,117.7116368152109,90.0,124.57672636957821
4.799999999999986,0.0,-40.0,212.2476011520002,27.82652040889768,90.0,124.34695918220466,117.82652040889768,90.0,124.34695918220466
4.819999999999985,0.0,-40.0,212.02325108024468,27.941042487208293,90.0,124.11791502558343,117.94104248720829,90.0,124.11791502558343
4.839999999999985,0.0,-40.0,211.79877157748757,28.055200301514898,90.0,123.88959939697021,118.0552003015149,90.0,123.88959939697021
4.859999999999984,0.0,-40.0,211.57417699361685,28.168991118017136,90.0,123.66201776396572,118.16899111801713,90.0,123.66201776396572
4.879999999999984,0.0,-40.0,211.34948168957973,28.28241221774413,90.0,123.43517556451175,118.28241221774414,90.0,123.43517556451175
4.8999999999999835,0.0,-40.0,211.12470003600023,28.39546089655958,90.0,123.20907820688085,118.39546089655958,90.0,123.20907820688085
4.919999999999983,0.0,-40.0,210.89984641179672,28.50813446516972,90.0,122.98373106966056,118.50813446516972,90.0,122.98373106966056
4.939999999999983,0.0,-40.0,210.6749352027996,28.620430249134102,90.00000000000001,122.7591395017318,118.6204302491341,89.99999999999999,122.7591395017318
4.959999999999982,0.0,-40.0,210.44998080036888,28.732345588879507,90.0,122.53530882224099,118.73234558887951,90.0,122.53530882224099
4.979999999999982,0.0,-40.0,210.22499760001173,28.84387783971667,90.0,122.31224432056668,118.84387783971667,90.0,122.31224432056668
4.999999999999981,0.0,-40.0,210.00000000000023,28.955024371859732,90.0,122.08995125628054,118.95502437185974,90.0,122.08995125628054
5.019999999999981,0.0,-40.0,209.77500239998875,29.06578257044895,90.0,121.86843485910211,119.06578257044895,90.0,121.86843485910211
5.0399999999999805,0.0,-40.0,209.55001919963163,29.176149835575938,90.0,121.64770032884815,119.17614983557594,90.0,121.64770032884815
5.05999999999998,0.0,-40.0,209.3250647972009,29.286123582311834,90.0,121.42775283537635,119.28612358231183,90.0,121.42775283537635
5.07999999999998,0.0,-40.0,209.1001535882038,29.395701240738468,90.0,121.20859751852308,119.39570124073848,90.0,121.20859751852308
5.099999999999979,0.0,-40.0,208.87529996400025,29.504880255982286,90.0,120.99023948803544,119.50488025598229,90.0,120.99023948803544
5.119999999999979,0.0,-40.0,208.65051831042075,29.613658088251,90.0,120.77268382349801,119.613658088251,90.0,120.77268382349801
5.139999999999978,0.0,-40.0,208.42582300638364,29.722032212873287,90.0,120.55593557425344,119.72203221287329,90.0,120.55593557425344
5.159999999999978,0.0,-40.0,208.2012284225129,29.830000120341097,90.0,120.3399997593178,119.8300001203411,90.0,120.3399997593178
5.1799999999999775,0.0,-40.0,207.97674891975578,29.9375593163549,90.00000000000001,120.1248813672902,119.9375593163549,89.99999999999999,120.1248813672902
5.199999999999977,0.0,-40.0,207.7523988480003,30.04470732187163,90.0,119.91058535625675,120.04470732187163,90.0,119.91058535625675
5.219999999999977,0.0,-40.0,207.52819254469279,30.151441673155606,90.0,119.6971166536888,120.1514416731556,90.0,119.6971166536888
5.239999999999976,0.0,-40.0,207.30414433345567,30.257759921832008,90.0,119.48448015633599,120.257759921832,90.0,119.48448015633599
5.259999999999976,0.0,-40.0,207.08026852270493,30.363659634943307,90.0,119.2726807301134,120.3636596349433,90.0,119.2726807301134
5.279999999999975,0.0,-40.0,206.85657940426782,30.469138395008404,90.0,119.06172320998319,120.4691383950084,90.0,119.06172320998319
5.299999999999975,0.0,-40.0,206.63309125200033,30.57419380008457,90.0,118.85161239983086,120.57419380008457,90.0,118.85161239983086
5.3199999999999745,0.0,-40.0,206.4098183204048,30.678823463832206,90.0,118.6423530723356,120.6788234638322,90.0,118.6423530723356
5.339999999999974,0.0,-40.0,206.18677484324766,30.783025015582183,90.0,118.43394996883563,120.78302501558218,90.0,118.43394996883563
5.359999999999974,0.0,-40.0,205.96397503217696,30.88679610040615,90.00000000000001,118.22640779918771,120.88679610040614,89.99999999999999,118.22640779918771
5.379999999999973,0.0,-40.0,205.74143307533984,30.990134379189552,90.0,118.0197312416209,120.99013437918956,90.0,118.0197312416209
5.399999999999973,0.0,-40.0,205.51916313600032,31.09303752870728,90.0,117.81392494258544,121.09303752870728,90.0,117.81392494258544
5.419999999999972,0.0,-40.0,205.29717935115684,31.195503241702248,90.0,117.60899351659552,121.19550324170226,90.0,117.60899351659552
5.439999999999972,0.0,-40.0,205.0754958301597,31.297529226966653,90.0,117.40494154606671,121.29752922696665,90.0,117.40494154606671
5.4599999999999715,0.0,-40.0,204.854126653329,31.399113209425842,90.00000000000001,117.20177358114833,121.39911320942585,89.99999999999999,117.20177358114833
5.479999999999971,0.0,-40.0,204.6330858705719,31.500252930225177,90.0,116.99949413954964,121.50025293022517,90.0,116.99949413954964
5.499999999999971,0.0,-40.0,204.41238750000034,31.60094614681955,90.0,116.7981077063609,121.60094614681955,90.0,116.7981077063609
5.51999999999997,0.0,-40.0,204.19204552654884,31.701190633065444,90.0,116.59761873386913,121.70119063306544,90.0,116.59761873386913
5.53999999999997,0.0,-40.0,203.97207390059174,31.800984179316103,90.0,116.3980316413678,121.8009841793161,90.0,116.3980316413678
5.559999999999969,0.0,-40.0,203.75248653656104,31.90032459251918,90.0,116.19935081496165,121.90032459251918,90.0,116.19935081496165
5.579999999999969,0.0,-40.0,203.53329731156387,31.99920969631719,90.0,116.00158060736561,121.9992096963172,90.0,116.00158060736561
5.599999999999969,0.0,-40.0,203.3145200640004,32.0976373311507,90.0,115.8047253376986,122.09763733115071,90.0,115.8047253376986
5.619999999999968,0.0,-40.0,203.09616859218085,32.195605354364424,90.0,115.60878929127115,122.19560535436443,90.0,115.60878929127115
5.639999999999968,0.0,-40.0,202.87825665294378,32.29311164031573,90.00000000000001,115.41377671936854,122.29311164031573,89.99999999999999,115.41377671936854
5.659999999999967,0.0,-40.0,202.66079796027304,32.39015408048636,90.0,115.21969183902728,122.39015408048635,90.0,115.21969183902728
5.679999999999967,0.0,-40.0,202.44380618391594,32.48673058359634,90.00000000000001,115.02653883280732,122.48673058359634,89.99999999999999,115.02653883280732
5.699999999999966,0.0,-40.0,202.2272949480004,32.58283907572121,90.0,114.83432184855758,122.58283907572121,90.0,114.83432184855758
5.719999999999966,0.0,-40.0,202.01127782965284,32.678477500411574,90.0,114.64304499917685,122.67847750041157,90.0,114.64304499917685
5.739999999999966,0.0,-40.0,201.79576835761577,32.77364381881562,90.0,114.45271236236876,122.77364381881563,90.0,114.45271236236876
5.759999999999965,0.0,-40.0,201.58078001086506,32.86833600980448,90.0,114.26332798039107,122.86833600980448,90.0,114.26332798039107
5.779999999999965,0.0,-40.0,201.36632621722794,32.962552070100024,90.0,114.07489585979997,122.96255207010003,90.0,114.07489585979997
5.799999999999964,0.0,-40.0,201.15242035200043,33.056290014405825,90.00000000000001,113.88741997118835,123.05629001440582,89.99999999999999,113.88741997118835
5.819999999999964,0.0,-40.0,200.93907573656492,33.14954787554061,90.0,113.70090424891879,123.1495478755406,90.0,113.70090424891879
5.839999999999963,0.0,-40.0,200.72630563700778,33.24232370457463,90.0,113.51535259085075,123.24232370457463,90.0,113.51535259085075
5.859999999999963,0.0,-40.0,200.5141232627371,33.33461557096873,90.0,113.33076885806254,123.33461557096874,90.0,113.33076885806254
5.879999999999963,0.0,-40.0,200.30254176509993,33.426421562716335,90.0,113.14715687456733,123.42642156271634,90.0,113.14715687456733
5.899999999999962,0.0,-40.0,200.09157423600047,33.517739786488,90.0,112.96452042702401,123.517739786488,90.0,112.96452042702401
5.919999999999962,0.0,-40.0,199.88123370651692,33.60856836777911,90.00000000000001,112.78286326444179,123.6085683677791,89.99999999999999,112.78286326444179
5.939999999999961,0.0,-40.0,199.6715331455198,33.69890545105997,90.00000000000001,112.60218909788007,123.69890545105997,89.99999999999999,112.60218909788007
5.959999999999961,0.0,-40.0,199.4624854582891,33.788749199929015,90.0,112.42250160014197,123.78874919992901,90.0,112.42250160014197
5.9799999999999605,0.0,-40.0,199.25410348513196,33.87809779726881,90.0,112.24380440546238,123.87809779726881,90.0,112.24380440546238
5.99999999999996,0.0,-40.0,199.04640000000043,33.96694944540462,90.0,112.06610110919075,123.96694944540462,90.0,112.06610110919075
6.01999999999996,0.0,-40.0,198.83938770910893,34.0553023662662,90.0,111.8893952674676,124.0553023662662,90.0,111.8893952674676
6.039999999999959,0.0,-40.0,198.63307924955183,34.14315480155204,90.0,111.7136903968959,124.14315480155204,90.0,111.7136903968959
6.059999999999959,0.0,-40.0,198.4274871879211,34.23050501289685,90.00000000000001,111.5389899742063,124.23050501289686,89.99999999999999,111.5389899742063
6.079999999999958,0.0,-40.0,198.22262401892397,34.31735128204146,90.00000000000001,111.3652974359171,124.31735128204146,89.99999999999999,111.3652974359171
6.099999999999958,0.0,-40.0,198.01850216400047,34.403691911005964,90.0,111.19261617798807,124.40369191100596,90.0,111.19261617798807
6.1199999999999575,0.0,-40.0,197.81513396994094,34.489525222265634,90.0,111.02094955546873,124.48952522226563,90.0,111.02094955546873
6.139999999999957,0.0,-40.0,197.61253170750382,34.57484955892953,90.0,110.85030088214096,124.57484955892953,90.0,110.85030088214096
6.159999999999957,0.0,-40.0,197.4107075700331,34.659663284922246,90.0,110.68067343015551,124.65966328492225,90.0,110.68067343015551
6.179999999999956,0.0,-40.0,197.209673672076,34.74396478516846,90.0,110.51207042966308,124.74396478516846,90.0,110.51207042966308
6.199999999999956,0.0,-40.0,197.0094420480005,34.8277524657804,90.0,110.3444950684392,124.8277524657804,90.0,110.3444950684392
6.219999999999955,0.0,-40.0,196.81002465061297,34.91102475424818,90.00000000000001,110.17795049150364,124.91102475424819,89.99999999999999,110.17795049150364
6.239999999999955,0.0,-40.0,196.61143334977584,34.993780099633206,90.0,110.0124398007336,124.9937800996332,90.0,110.0124398007336
6.2599999999999545,0.0,-40.0,196.41367993102514,35.07601697276434,90.0,109.84796605447131,125.07601697276434,90.0,109.84796605447131
6.279999999999954,0.0,-40.0,196.21677609418805,35.157733866437304,90.0,109.6845322671254,125.1577338664373,90.0,109.6845322671254
6.299999999999954,0.0,-40.0,196.02073345200048,35.23892929561671,90.0,109.5221414087666,125.23892929561671,90.0,109.5221414087666
6.319999999999953,0.0,-40.0,195.82556352872496,35.31960179764125,90.0,109.36079640471752,125.31960179764124,90.0,109.36079640471752
6.339999999999953,0.0,-40.0,195.63127775876785,35.39974993243196,90.0,109.20050013513608,125.39974993243196,90.0,109.20050013513608
6.359999999999952,0.0,-40.0,195.43788748529715,35.4793722827034,90.0,109.04125543459321,125.4793722827034,90.0,109.04125543459321
6.379999999999952,0.0,-40.0,195.24540395886,35.55846745417777,90.0,108.88306509164447,125.55846745417777,90.0,108.88306509164447
6.3999999999999515,0.0,-40.0,195.0538383360005,35.63703407580217,90.0,108.72593184839566,125.63703407580218,90.0,108.72593184839566
6.419999999999951,0.0,-40.0,194.863201677877,35.71507079996892,90.0,108.56985840006216,125.71507079996891,90.0,108.56985840006216
6.439999999999951,0.0,-40.0,194.67350494887984,35.7925763027389,90.0,108.4148473945222,125.7925763027389,90.0,108.4148473945222
6.45999999999995,0.0,-40.0,194.48475901524915,35.86954928406787,90.00000000000001,108.26090143186426,125.86954928406787,89.99999999999999,108.26090143186426
6.47999999999995,0.0,-40.0,194.296974643692,35.945988468036184,90.0,108.10802306392765,125.94598846803618,90.0,108.10802306392765
6.499999999999949,0.0,-40.0,194.1101625000005,36.021892603081156,90.00000000000001,107.9562147938377,126.02189260308116,89.99999999999999,107.9562147938377
6.519999999999949,0.0,-40.0,193.924333147669,36.097260462233024,90.0,107.80547907553395,126.09726046223302,90.0,107.80547907553395
6.5399999999999485,0.0,-40.0,193.73949704651187,36.17209084335369,90.0,107.65581831329263,126.17209084335369,90.0,107.65581831329263
6.559999999999948,0.0,-40.0,193.55566455128118,36.24638256937878,90.0,107.50723486124245,126.24638256937878,90.0,107.50723486124245
6.579999999999948,0.0,-40.0,193.372845910284,36.32013448856293,90.0,107.35973102287414,126.32013448856293,90.0,107.35973102287414
6.599999999999947,0.0,-40.0,193.19105126400052,36.393345474728,90.0,107.213309050544,126.393345474728,90.0,107.213309050544
6.619999999999947,0.0,-40.0,193.01029064370098,36.4660144275149,90.0,107.0679711449702,126.46601442751489,90.0,107.0679711449702
6.639999999999946,0.0,-40.0,192.83057397006388,36.53814027263821,90.0,106.9237194547236,126.5381402726382,90.0,106.9237194547236
6.659999999999946,0.0,-40.0,192.65191105179318,36.609721962144356,90.0,106.78055607571129,126.60972196214436,90.0,106.78055607571129
6.6799999999999455,0.0,-40.0,192.474311584236,36.68075847467296,90.0,106.63848305065407,126.68075847467296,90.0,106.63848305065407
6.699999999999945,0.0,-40.0,192.29778514800054,36.75124881572125,90.0,106.49750236855749,126.75124881572125,90.0,106.49750236855749
6.719999999999945,0.0,-40.0,192.12234120757302,36.82119201791228,90.0,106.35761596417545,126.82119201791228,90.0,106.35761596417545
6.739999999999944,0.0,-40.0,191.94798910993586,36.89058714126584,90.0,106.21882571746832,126.89058714126584,90.0,106.21882571746832
6.759999999999944,0.0,-40.0,191.77473808318516,36.959433273473174,90.0,106.08113345305365,126.95943327347317,90.0,106.08113345305365
6.779999999999943,0.0,-40.0,191.60259723514804,37.02772953017489,90.00000000000001,105.94454093965022,127.0277295301749,89.99999999999999,105.94454093965022
6.799999999999943,0.0,-40.0,191.43157555200048,37.09547505524224,90.0,105.80904988951552,127.09547505524225,90.0,105.80904988951552
6.8199999999999426,0.0,-40.0,191.26168189688502,37.162669021061724,90.0,105.67466195787655,127.16266902106173,90.0,105.67466195787655
6.839999999999942,0.0,-40.0,191.0929250085279,37.22931062882345,90.0,105.54137874235312,127.22931062882344,90.0,105.54137874235312
6.859999999999942,0.0,-40.0,190.92531349985714,37.2953991088124,90.0,105.4092017823752,127.2953991088124,90.0,105.4092017823752
6.879999999999941,0.0,-40.0,190.75885585662002,37.360933720703635,90.0,105.27813255859273,127.36093372070363,90.0,105.27813255859273
6.899999999999941,0.0,-40.0,190.59356043600053,37.42591375386078,90.0,105.14817249227843,127.42591375386078,90.0,105.14817249227843
6.91999999999994,0.0,-40.0,190.42943546523696,37.490338527638094,90.0,105.01932294472381,127.4903385276381,90.0,105.01932294472381
6.93999999999994,0.0,-40.0,190.2664890402399,37.55420739168587,90.00000000000001,104.89158521662826,127.55420739168588,89.99999999999999,104.89158521662826
6.95999999999994,0.0,-40.0,190.10472912420914,37.61751972625982,90.0,104.76496054748037,127.61751972625981,90.0,104.76496054748037
6.979999999999939,0.0,-40.0,189.94416354625204,37.680274942533494,90.0,104.63945011493303,127.68027494253349,90.0,104.63945011493303
6.999999999999939,0.0,-40.0,189.7848000000005,37.74247248291483,90.0,104.51505503417036,127.74247248291482,90.0,104.51505503417036
7.019999999999938,0.0,-40.0,189.62664604222897,37.80411182136596,90.0,104.39177635726809,127.80411182136595,90.0,104.39177635726809
7.039999999999938,0.0,-40.0,189.46970909147188,37.86519246372684,90.00000000000001,104.26961507254633,127.86519246372684,89.99999999999999,104.26961507254633
7.059999999999937,0.0,-40.0,189.31399642664115,37.92571394804261,90.0,104.14857210391479,127.92571394804261,90.0,104.14857210391479
7.079999999999937,0.0,-40.0,189.15951518564404,37.985675844894494,90.0,104.02864831021103,127.9856758448945,90.0,104.02864831021103
7.099999999999937,0.0,-40.0,189.00627236400055,38.045077757734546,90.0,103.90984448453091,128.04507775773453,90.0,103.90984448453091
7.119999999999936,0.0,-40.0,188.854274813461,38.10391932322427,90.0,103.79216135355146,128.10391932322426,90.0,103.79216135355146
7.139999999999936,0.0,-40.0,188.70352924062388,38.16220021157665,90.00000000000001,103.67559957684671,128.16220021157665,89.99999999999999,103.67559957684671
7.159999999999935,0.0,-40.0,188.55404220555317,38.21992012690251,90.0,103.560159746195,128.2199201269025,90.0,103.560159746195
7.179999999999935,0.0,-40.0,188.40582012039596,38.277078807560365,90.0,103.44584238487927,128.27707880756037,90.0,103.44584238487927
7.1999999999999345,0.0,-40.0,188.2588692480005,38.33367602651009,90.0,103.33264794697982,128.3336760265101,90.0,103.33264794697982
7.219999999999934,0.0,-40.0,188.113195700533,38.38971159167094,90.0,103.22057681665812,128.38971159167093,90.0,103.22057681665812
7.239999999999934,0.0,-40.0,187.9688054380959,38.44518534628295,90.0,103.10962930743412,128.44518534628295,90.0,103.10962930743412
7.259999999999933,0.0,-40.0,187.82570426734517,38.500097169272635,90.00000000000001,102.99980566145476,128.50009716927264,89.99999999999999,102.99980566145476
7.279999999999933,0.0,-40.0,187.68389784010807,38.55444697562256,90.0,102.89110604875489,128.55444697562257,90.0,102.89110604875489
7.299999999999932,0.0,-40.0,187.54339165200048,38.60823471674504,90.0,102.78353056650994,128.60823471674505,90.0,102.78353056650994
7.319999999999932,0.0,-40.0,187.404191041045,38.66146038085959,90.0,102.67707923828084,128.66146038085958,90.0,102.67707923828084
7.3399999999999315,0.0,-40.0,187.26630118628788,38.71412399337499,90.00000000000001,102.57175201325003,128.71412399337498,89.99999999999999,102.57175201325003
7.359999999999931,0.0,-40.0,187.1297271064171,38.76622561727484,90.00000000000001,102.46754876545032,128.76622561727484,89.99999999999999,102.46754876545032
7.379999999999931,0.0,-40.0,186.99447365838,38.81776535350769,90.0,102.36446929298465,128.8177653535077,90.0,102.36446929298465
7.39999999999993,0.0,-40.0,186.86054553600047,38.86874334138117,90.0,102.26251331723768,128.86874334138116,90.0,102.26251331723768
7.41999999999993,0.0,-40.0,186.72794726859695,38.91915975896039,90.0,102.16168048207922,128.9191597589604,90.0,102.16168048207922
7.439999999999929,0.0,-40.0,186.59668321959984,38.969014823470474,90.0,102.06197035305907,128.96901482347047,90.0,102.06197035305907
7.459999999999929,0.0,-40.0,186.46675758516915,39.01830879170345,90.0,101.9633824165931,129.01830879170345,90.0,101.9633824165931
7.4799999999999285,0.0,-40.0,186.33817439281202,39.067041960429464,90.0,101.86591607914106,129.06704196042946,90.0,101.86591607914106
7.499999999999928,0.0,-40.0,186.2109375000005,39.11521466681219,90.0,101.76957066637563,129.1152146668122,90.0,101.76957066637563
7.519999999999928,0.0,-40.0,186.08505059278895,39.1628272888287,90.0,101.6743454223426,129.1628272888287,90.0,101.6743454223426
7.539999999999927,0.0,-40.0,185.96051718443186,39.209880245693725,90.00000000000001,101.58023950861255,129.20988024569374,89.99999999999999,101.58023950861255
7.559999999999927,0.0,-40.0,185.83734061400116,39.256373998288375,90.0,101.48725200342327,129.25637399828838,90.0,101.48725200342327
7.579999999999926,0.0,-40.0,185.71552404500397,39.30230904959321,90.0,101.39538190081359,129.30230904959322,90.0,101.39538190081359
7.599999999999926,0.0,-40.0,185.59507046400046,39.347685945125846,90.0,101.30462810974832,129.34768594512585,90.0,101.30462810974832
7.6199999999999255,0.0,-40.0,185.475982679221,39.39250527338317,90.0,101.21498945323367,129.39250527338316,90.0,101.21498945323367
7.639999999999925,0.0,-40.0,185.35826331918383,39.43676766628812,90.0,101.12646466742376,129.43676766628812,90.0,101.12646466742376
7.659999999999925,0.0,-40.0,185.2419148313131,39.48047379964079,90.0,101.03905240071843,129.48047379964078,90.0,101.03905240071843
7.679999999999924,0.0,-40.0,185.12693948055596,39.52362439357453,90.00000000000001,100.95275121285096,129.52362439357452,89.99999999999999,100.95275121285096
7.699999999999924,0.0,-40.0,185.01333934800047,39.56622021301642,90.00000000000001,100.86755957396716,129.56622021301644,89.99999999999999,100.86755957396716
7.719999999999923,0.0,-40.0,184.90111632949296,39.608262068152726,90.0,100.78347586369456,129.60826206815273,90.0,100.78347586369456
7.739999999999923,0.0,-40.0,184.7902721342558,39.64975081489868,90.00000000000001,100.70049837020264,129.64975081489868,89.99999999999999,100.70049837020264
7.7599999999999225,0.0,-40.0,184.6808082835051,39.690687355373356,90.00000000000001,100.61862528925329,129.69068735537337,89.99999999999999,100.61862528925329
7.779999999999922,0.0,-40.0,184.57272610906796,39.731072638379246,90.0,100.53785472324152,129.73107263837926,90.0,100.53785472324152
7.799999999999922,0.0,-40.0,184.46602675200046,39.77090765988653,90.0,100.45818468022692,129.77090765988652,90.0,100.45818468022692
7.819999999999921,0.0,-40.0,184.3607111612049,39.81019346352247,90.0,100.37961307295508,129.81019346352247,90.0,100.37961307295508
7.839999999999921,0.0,-40.0,184.2567800920478,39.84893114106523,90.00000000000001,100.30213771786954,129.84893114106524,89.99999999999999,100.30213771786954
7.85999999999992,0.0,-40.0,184.15423410497704,39.88712183294322,90.0,100.22575633411356,129.88712183294322,90.0,100.22575633411356
7.87999999999992,0.0,-40.0,184.05307356414,39.924766728738845,90.00000000000001,100.15046654252234,129.92476672873886,89.99999999999999,100.15046654252234
7.8999999999999195,0.0,-40.0,183.95329863600043,39.96186706769762,90.0,100.07626586460478,129.96186706769763,90.0,100.07626586460478
7.919999999999919,0.0,-40.0,183.8549092879569,39.99842413924193,90.0,100.00315172151613,129.99842413924193,90.0,100.00315172151613
7.939999999999919,0.0,-40.0,183.75790528695973,40.034439283490286,90.0,99.93112143301944,130.0344392834903,90.0,99.93112143301944
7.959999999999918,0.0,-40.0,183.6622861981291,40.06991389178108,90.0,99.86017221643786,130.06991389178108,90.0,99.86017221643786
7.979999999999918,0.0,-40.0,183.568051383372,40.10484940720214,90.00000000000001,99.79030118559572,130.10484940720215,89.99999999999999,99.79030118559572
7.999999999999917,0.0,-40.0,183.47520000000037,40.13924732512474,90.00000000000001,99.72150534975054,130.13924732512476,89.99999999999999,99.72150534975054
8.019999999999918,0.0,-40.0,183.38373099934893,40.173109193742974,90.0,99.65378161251405,130.17310919374296,90.0,99.65378161251405
8.039999999999917,0.0,-40.0,183.29364312539172,40.206436614618795,90.00000000000001,99.58712677076241,130.20643661461878,89.99999999999999,99.58712677076241
8.059999999999917,0.0,-40.0,183.20493491336103,40.23923124323136,90.0,99.52153751353728,130.23923124323136,90.0,99.52153751353728
8.079999999999917,0.0,-40.0,183.11760468836383,40.27149478953249,90.0,99.45701042093503,130.27149478953248,90.0,99.45701042093503
8.099999999999916,0.0,-40.0,183.0316505640003,40.30322901850668,90.00000000000001,99.39354196298665,130.30322901850667,89.99999999999999,99.39354196298665
8.119999999999916,0.0,-40.0,182.94707044098087,40.33443575073692,90.00000000000001,99.33112849852617,130.33443575073693,89.99999999999999,99.33112849852617
8.139999999999915,0.0,-40.0,182.86386200574375,40.36511686297557,90.0,99.26976627404888,130.36511686297558,90.0,99.26976627404888
8.159999999999915,0.0,-40.0,182.78202272907305,40.39527428872042,90.0,99.20945142255914,130.39527428872043,90.0,99.20945142255914
8.179999999999914,0.0,-40.0,182.70154986471587,40.42491001879649,90.00000000000001,99.15017996240702,130.42491001879648,89.99999999999999,99.15017996240702
8.199999999999914,0.0,-40.0,182.6224404480004,40.454026101942674,90.0,99.09194779611468,130.45402610194267,90.0,99.09194779611468
8.219999999999914,0.0,-40.0,182.5446912944529,40.48262464540431,90.0,99.0347507091914,130.48262464540431,90.0,99.0347507091914
8.239999999999913,0.0,-40.0,182.46829899841575,40.510707815530736,90.00000000000001,98.97858436893853,130.51070781553074,89.99999999999999,98.97858436893853
8.259999999999913,0.0,-40.0,182.393259931665,40.5382778383784,90.0,98.9234443232432,130.5382778383784,90.0,98.9234443232432
8.279999999999912,0.0,-40.0,182.31957024202785,40.565337000319396,90.00000000000001,98.86932599936122,130.5653370003194,89.99999999999999,98.86932599936122
8.299999999999912,0.0,-40.0,182.24722585200033,40.59188764865538,90.0,98.81622470268925,130.5918876486554,90.0,98.81622470268925
8.319999999999911,0.0,-40.0,182.17622245736482,40.617932192237014,90.0,98.76413561552597,130.61793219223702,90.0,98.76413561552597
8.339999999999911,0.0,-40.0,182.10655552580766,40.643473102088805,90.0,98.7130537958224,130.64347310208882,90.0,98.7130537958224
8.35999999999991,0.0,-40.0,182.038220295537,40.668512912039255,90.00000000000001,98.6629741759215,130.66851291203926,89.99999999999999,98.6629741759215
8.37999999999991,0.0,-40.0,181.9712117738998,40.69305421935683,90.0,98.61389156128635,130.69305421935684,90.0,98.61389156128635
8.39999999999991,0.0,-40.0,181.90552473600036,40.717099685390814,90.0,98.56580062921836,130.71709968539082,90.0,98.56580062921836
8.41999999999991,0.0,-40.0,181.8411537233168,40.740652036218385,90.0,98.51869592756324,130.7406520362184,90.0,98.51869592756324
8.439999999999909,0.0,-40.0,181.77809304231965,40.76371406329627,90.0,98.47257187340747,130.76371406329628,90.0,98.47257187340747
8.459999999999908,0.0,-40.0,181.716336763089,40.786288624118505,90.0,98.427422751763,130.7862886241185,90.0,98.427422751763
8.479999999999908,0.0,-40.0,181.65587871793187,40.808378642879426,90.0,98.38324271424118,130.80837864287943,90.0,98.38324271424118
8.499999999999908,0.0,-40.0,181.5967125000003,40.82998711114187,90.0,98.34002577771625,130.82998711114186,90.0,98.34002577771625
8.519999999999907,0.0,-40.0,181.53883146190873,40.8511170885111,90.0,98.29776582297781,130.8511170885111,90.0,98.29776582297781
8.539999999999907,0.0,-40.0,181.48222871435175,40.87177170331377,90.0,98.25645659337248,130.87177170331375,90.0,98.25645659337248
8.559999999999906,0.0,-40.0,181.426897124721,40.89195415328282,90.0,98.21609169343438,130.89195415328282,90.0,98.21609169343438
8.579999999999906,0.0,-40.0,181.3728293157238,40.91166770624686,90.0,98.17666458750628,130.91166770624687,90.0,98.17666458750628
8.599999999999905,0.0,-40.0,181.3200176640003,40.930915700825594,90.0,98.13816859834881,130.9309157008256,90.0,98.13816859834881
8.619999999999905,0.0,-40.0,181.26845429874072,40.949701547130246,90.00000000000001,98.10059690573952,130.94970154713025,89.99999999999999,98.10059690573952
8.639999999999905,0.0,-40.0,181.2181311003036,40.968028727469104,90.0,98.0639425450618,130.96802872746912,90.0,98.0639425450618
8.659999999999904,0.0,-40.0,181.1690396988329,40.985900797058505,90.00000000000001,98.02819840588299,130.9859007970585,89.99999999999999,98.02819840588299
8.679999999999904,0.0,-40.0,181.12117147287572,41.0033213847388,90.0,97.99335723052242,131.0033213847388,90.0,97.99335723052242
8.699999999999903,0.0,-40.0,181.07451754800016,41.02029419369535,90.0,97.9594116126093,131.02029419369535,90.0,97.9594116126093
8.719999999999903,0.0,-40.0,181.0290687954127,41.036823002184846,90.00000000000001,97.92635399563032,131.03682300218486,89.99999999999999,97.92635399563032
8.739999999999903,0.0,-40.0,180.9848158305756,41.052911664266404,90.0,97.8941766714672,131.0529116642664,90.0,97.8941766714672
8.759999999999902,0.0,-40.0,180.9417490118249,41.068564110537544,90.0,97.86287177892493,131.06856411053755,90.0,97.86287177892493
8.779999999999902,0.0,-40.0,180.89985843898785,41.08378434887516,90.0,97.83243130224967,131.08378434887516,90.0,97.83243130224967
8.799999999999901,0.0,-40.0,180.8591339520002,41.09857646518135,90.0,97.80284706963731,131.09857646518134,90.0,97.80284706963731
8.8199999999999,0.0,-40.0,180.81956512952465,41.11294462413345,90.0,97.7741107517331,131.11294462413343,90.0,97.7741107517331
8.8399999999999,0.0,-40.0,180.78114128756764,41.12689306993938,90.00000000000001,97.74621386012124,131.12689306993937,89.99999999999999,97.74621386012124
8.8599999999999,0.0,-40.0,180.7438514780969,41.140426127097165,90.0,97.71914774580569,131.14042612709716,90.0,97.71914774580569
8.8799999999999,0.0,-40.0,180.7076844876597,41.15354820115867,90.0,97.69290359768266,131.15354820115869,90.0,97.69290359768266
8.899999999999899,0.0,-40.0,180.67262883600017,41.166263779497996,90.0,97.66747244100402,131.166263779498,90.0,97.66747244100402
8.919999999999899,0.0,-40.0,180.63867277467665,41.17857743208399,90.0,97.64284513583202,131.17857743208398,90.0,97.64284513583202
8.939999999999898,0.0,-40.0,180.6058042856795,41.190493812256804,90.0,97.61901237548639,131.19049381225682,90.0,97.61901237548639
8.959999999999898,0.0,-40.0,180.57401108004876,41.202017657508414,90.0,97.59596468498317,131.2020176575084,90.0,97.59596468498317
8.979999999999897,0.0,-40.0,180.54328059649183,41.2131537902669,90.0,97.5736924194662,131.21315379026692,90.0,97.5736924194662
8.999999999999897,0.0,-40.0,180.5136000000002,41.22390711868491,90.0,97.55218576263017,131.2239071186849,90.0,97.55218576263017
9.019999999999897,0.0,-40.0,180.4849561804686,41.23428263743069,90.0,97.53143472513862,131.23428263743068,90.0,97.53143472513862
9.039999999999896,0.0,-40.0,180.45733575131146,41.24428542848347,90.00000000000001,97.51142914303304,131.24428542848347,89.99999999999999,97.51142914303304
9.059999999999896,0.0,-40.0,180.43072504808075,41.25392066193171,90.0,97.4921586761366,131.25392066193172,90.0,97.4921586761366
9.079999999999895,0.0,-40.0,180.4051101270836,41.26319359677423,90.00000000000001,97.47361280645154,131.26319359677422,89.99999999999999,97.47361280645154
9.099999999999895,0.0,-40.0,180.38047676400015,41.27210958172447,90.0,97.45578083655107,131.27210958172446,90.0,97.45578083655107
9.119999999999894,0.0,-40.0,180.35681045250058,41.2806740560174,90.0,97.4386518879652,131.2806740560174,90.0,97.4386518879652
9.139999999999894,0.0,-40.0,180.33409640286345,41.28889255021869,90.0,97.42221489956263,131.2888925502187,90.0,97.42221489956263
9.159999999999894,0.0,-40.0,180.31231954059265,41.29677068703648,90.00000000000001,97.40645862592704,131.29677068703649,89.99999999999999,97.40645862592704
9.179999999999893,0.0,-40.0,180.2914645050357,41.30431418213486,90.00000000000001,97.39137163573028,131.30431418213487,89.99999999999999,97.39137163573028
9.199999999999893,0.0,-40.0,180.27151564800016,41.311528844949734,90.00000000000001,97.37694231010053,131.31152884494975,89.99999999999999,97.37694231010053
9.219999999999892,0.0,-40.0,180.2524570323726,41.31842057950546,90.0,97.3631588409891,131.31842057950547,90.0,97.3631588409891
9.239999999999892,0.0,-40.0,180.23427243073553,41.32499538523348,90.0,97.35000922953307,131.32499538523348,90.0,97.35000922953307
9.259999999999891,0.0,-40.0,180.2169453239848,41.33125935779185,90.00000000000001,97.3374812844163,131.33125935779185,89.99999999999999,97.3374812844163
9.279999999999891,0.0,-40.0,180.2004588999476,41.337218689885496,90.0,97.32556262022901,131.3372186898855,90.0,97.32556262022901
9.29999999999989,0.0,-40.0,180.18479605200005,41.34287967208691,90.0,97.3142406558262,131.3428796720869,90.0,97.3142406558262
9.31999999999989,0.0,-40.0,180.1699393776845,41.34824869365733,90.00000000000001,97.30350261268534,131.34824869365733,89.99999999999999,97.30350261268534
9.33999999999989,0.0,-40.0,180.15587117732747,41.35333224336762,90.0,97.29333551326478,131.35333224336762,90.0,97.29333551326478
9.35999999999989,0.0,-40.0,180.14257345265668,41.35813691031886,90.0,97.28372617936229,131.35813691031888,90.0,97.28372617936229
9.379999999999889,0.0,-40.0,180.13002790541964,41.36266938476195,90.0,97.2746612304761,131.36266938476194,90.0,97.2746612304761
9.399999999999888,0.0,-40.0,180.11821593600018,41.3669364589166,90.00000000000001,97.26612708216682,131.3669364589166,89.99999999999999,97.26612708216682
9.419999999999888,0.0,-40.0,180.1071186420366,41.370945027788345,90.00000000000001,97.25810994442331,131.37094502778834,89.99999999999999,97.25810994442331
9.439999999999888,0.0,-40.0,180.09671681703946,41.37470208998401,90.0,97.25059582003199,131.374702089984,90.0,97.25059582003199
9.459999999999887,0.0,-40.0,180.08699094900868,41.37821474852502,90.00000000000001,97.24357050294998,131.378214748525,89.99999999999999,97.24357050294998
9.479999999999887,0.0,-40.0,180.07792121905158,41.381490211657834,90.00000000000001,97.23701957668435,131.38149021165782,89.99999999999999,97.23701957668435
9.499999999999886,0.0,-40.0,180.06948749999998,41.38453579366175,90.0,97.2309284126765,131.38453579366174,90.0,97.2309284126765
9.519999999999886,0.0,-40.0,180.06166935502847,41.38735891565274,90.0,97.22528216869453,131.38735891565273,90.0,97.22528216869453
9.539999999999885,0.0,-40.0,180.05444603627137,41.389967106383835,90.0,97.22006578723233,131.38996710638384,90.0,97.22006578723233
9.559999999999885,0.0,-40.0,180.04779648344066,41.392368003040914,90.0,97.21526399391817,131.39236800304093,90.0,97.21526399391817
9.579999999999885,0.0,-40.0,180.04169932244355,41.394569352033656,90.00000000000001,97.21086129593269,131.39456935203367,89.99999999999999,97.21086129593269
9.599999999999884,0.0,-40.0,180.03613286400014,41.396579009781114,90.0,97.20684198043779,131.3965790097811,90.0,97.20684198043779
9.619999999999884,0.0,-40.0,180.0310751022605,41.39840494349179,90.0,97.20319011301643,131.39840494349178,90.0,97.20319011301643
9.639999999999883,0.0,-40.0,180.02650371342344,41.40005523193656,90.0,97.19988953612689,131.40005523193656,90.0,97.19988953612689
9.659999999999883,0.0,-40.0,180.02239605435267,41.401538066215764,90.00000000000001,97.19692386756849,131.40153806621578,89.99999999999999,97.19692386756849
9.679999999999882,0.0,-40.0,180.01872916119555,41.40286175051777,90.0,97.19427649896448,131.4028617505178,90.0,97.19427649896448
9.699999999999882,0.0,-40.0,180.01547974800008,41.404034702870206,90.0,97.1919305942596,131.4040347028702,90.0,97.1919305942596
9.719999999999882,0.0,-40.0,180.01262420533254,41.40506545588231,90.0,97.18986908823538,131.40506545588232,90.0,97.18986908823538
9.739999999999881,0.0,-40.0,180.01013859889542,41.40596265747793,90.0,97.18807468504414,131.40596265747791,90.0,97.18807468504414
9.75999999999988,0.0,-40.0,180.00799866814458,41.406735071618876,90.0,97.18652985676226,131.40673507161887,90.0,97.18652985676226
9.77999999999988,0.0,-40.0,180.00617982490758,41.40739157901737,90.0,97.18521684196526,131.40739157901737,90.0,97.18521684196526
9.79999999999988,0.0,-40.0,180.00465715200005,41.407941177838076,90.0,97.18411764432383,131.40794117783807,90.0,97.18411764432383
9.81999999999988,0.0,-40.0,180.00340540184447,41.40839298438731,90.0,97.18321403122539,131.40839298438732,90.0,97.18321403122539
9.839999999999879,0.0,-40.0,180.00239899508733,41.40875623379032,90.0,97.18248753241937,131.4087562337903,90.0,97.18248753241937
9.859999999999879,0.0,-40.0,180.00161201921657,41.40904028065522,90.0,97.18191943868955,131.40904028065523,90.0,97.18191943868955
9.879999999999878,0.0,-40.0,180.0010182271796,41.409254599722686,90.0,97.18149080055461,131.4092545997227,90.0,97.18149080055461
9.899999999999878,0.0,-40.0,180.00059103599995,41.4094087865014,90.0,97.18118242699721,131.4094087865014,90.0,97.18118242699721
9.919999999999877,0.0,-40.0,180.00030352539648,41.40951255788703,90.0,97.18097488422595,131.409512557887,90.0,97.18097488422595
9.939999999999877,0.0,-40.0,180.0001284363994,41.409575752766095,90.00000000000001,97.18084849446782,131.4095757527661,89.99999999999999,97.18084849446782
9.959999999999877,0.0,-40.0,180.0000381699686,41.40960833260186,90.0,97.18078333479629,131.40960833260186,90.0,97.18078333479629
9.979999999999876,0.0,-40.0,180.00000478561157,41.409620382002515,90.0,97.18075923599498,131.40962038200252,90.0,97.18075923599498
